{
    "initial_state_mean": [
        0.0,
        0.0,
        0.0,
        0.0
    ],
    "transition_matrix": [
        [
            0.95,
            0.0,
            0.95,
            0.0
        ],
        [
            0.0,
            0.95,
            0.0,
            0.95
        ],
        [
            0.0,
            0.0,
            0.95,
            0.0
        ],
        [
            0.0,
            0.0,
            0.0,
            0.95
        ]
    ],
    "observation_matrix": [
        [
            1.0,
            0.0,
            0.0,
            0.0
        ],
        [
            0.0,
            1.0,
            0.0,
            0.0
        ]
    ],
    "process_noise_covariance": [
        [
            0.1,
            0.0,
            0.0,
            0.0
        ],
        [
            0.0,
            0.1,
            0.0,
            0.0
        ],
        [
            0.0,
            0.0,
            0.1,
            0.0
        ],
        [
            0.0,
            0.0,
            0.0,
            0.1
        ]
    ],
    "observation_noise_covariance": [
        [
            0.1,
            0.0
        ],
        [
            0.0,
            0.1
        ]
    ],
    "initial_covariance": [
        [
            1.0,
            0.0,
            0.0,
            0.0
        ],
        [
            0.0,
            1.0,
            0.0,
            0.0
        ],
        [
            0.0,
            0.0,
            1.0,
            0.0
        ],
        [
            0.0,
            0.0,
            0.0,
            1.0
        ]
    ],
    "residual_mean": 0.17196775411211532,
    "residual_std": 40.389404694573344,
    "covariance_diff": 11623.102084658072
}