{
    "initial_state_mean": [
        1.0,
        1.0,
        1.0,
        1.0
    ],
    "transition_matrix": [
        [
            0.95,
            0.0,
            0.0,
            0.0
        ],
        [
            0.0,
            0.95,
            0.0,
            0.0
        ],
        [
            0.0,
            0.0,
            0.95,
            0.0
        ],
        [
            0.0,
            0.0,
            0.0,
            0.95
        ]
    ],
    "observation_matrix": [
        [
            1.0,
            0.0,
            0.0,
            0.0
        ],
        [
            0.0,
            1.0,
            0.0,
            0.0
        ],
        [
            0.0,
            0.0,
            1.0,
            0.0
        ],
        [
            0.0,
            0.0,
            0.0,
            1.0
        ]
    ],
    "process_noise_covariance": [
        [
            0.1,
            0.0,
            0.0,
            0.0
        ],
        [
            0.0,
            0.1,
            0.0,
            0.0
        ],
        [
            0.0,
            0.0,
            0.1,
            0.0
        ],
        [
            0.0,
            0.0,
            0.0,
            0.1
        ]
    ],
    "observation_noise_covariance": [
        [
            0.1,
            0.0,
            0.0,
            0.0
        ],
        [
            0.0,
            0.1,
            0.0,
            0.0
        ],
        [
            0.0,
            0.0,
            0.1,
            0.0
        ],
        [
            0.0,
            0.0,
            0.0,
            0.1
        ]
    ],
    "initial_covariance": [
        [
            1.0,
            0.0,
            0.0,
            0.0
        ],
        [
            0.0,
            1.0,
            0.0,
            0.0
        ],
        [
            0.0,
            0.0,
            1.0,
            0.0
        ],
        [
            0.0,
            0.0,
            0.0,
            1.0
        ]
    ],
    "residual_mean": -1.4479559591166498,
    "residual_std": 52.38674262204618,
    "covariance_diff": 1629.1102180791784
}