{
    "initial_state_mean": [
        0.0,
        0.0,
        0.0,
        0.0
    ],
    "transition_matrix": [
        [
            0.95,
            0.0,
            0.95,
            0.0
        ],
        [
            0.0,
            0.95,
            0.0,
            0.95
        ],
        [
            0.0,
            0.0,
            0.95,
            0.0
        ],
        [
            0.0,
            0.0,
            0.0,
            0.95
        ]
    ],
    "observation_matrix": [
        [
            1.0,
            0.0,
            0.0,
            0.0
        ],
        [
            0.0,
            1.0,
            0.0,
            0.0
        ]
    ],
    "process_noise_covariance": [
        [
            0.1,
            0.0,
            0.0,
            0.0
        ],
        [
            0.0,
            0.1,
            0.0,
            0.0
        ],
        [
            0.0,
            0.0,
            0.1,
            0.0
        ],
        [
            0.0,
            0.0,
            0.0,
            0.1
        ]
    ],
    "observation_noise_covariance": [
        [
            0.1,
            0.0
        ],
        [
            0.0,
            0.1
        ]
    ],
    "initial_covariance": [
        [
            1.0,
            0.0,
            0.0,
            0.0
        ],
        [
            0.0,
            1.0,
            0.0,
            0.0
        ],
        [
            0.0,
            0.0,
            1.0,
            0.0
        ],
        [
            0.0,
            0.0,
            0.0,
            1.0
        ]
    ],
    "residual_mean": 1.164305391845267,
    "residual_std": 47.54335799000052,
    "covariance_diff": 515.4789008734086
}