,ady_dna,avisitn,aval_AlloSure,aval_lvef,aval_AlloMap
count,1536.0,1536.0,1536.0,1536.0,1536.0
mean,307.2024739583333,309.22265625,0.2616875745901693,59.827473958333336,29.75390625
std,269.22366133847606,268.41431809307363,0.6986582036869852,7.01510843241497,6.629073097985606
min,56.0,60.0,-0.067295147,20.0,3.0
25%,120.75,121.0,0.02876803865,57.5,27.0
50%,219.5,182.0,0.06432231620000001,60.0,31.0
75%,369.25,365.0,0.182763289125,65.0,35.0
max,1804.0,1825.0,9.0538377516,70.0,39.0
