{
    "initial_state_mean": [
        0.0,
        0.0
    ],
    "transition_matrix": [
        [
            0.95,
            0.0
        ],
        [
            0.0,
            0.95
        ]
    ],
    "observation_matrix": [
        [
            1.0,
            0.0
        ],
        [
            0.0,
            1.0
        ]
    ],
    "process_noise_covariance": [
        [
            0.1,
            0.0
        ],
        [
            0.0,
            0.1
        ]
    ],
    "observation_noise_covariance": [
        [
            0.1,
            0.0
        ],
        [
            0.0,
            0.1
        ]
    ],
    "initial_covariance": [
        [
            1.0,
            0.0
        ],
        [
            0.0,
            1.0
        ]
    ],
    "residual_mean": 2.339379538332022,
    "residual_std": 30.22441419413868,
    "covariance_diff": 5.08101911041763
}