{
    "initial_state_mean": [
        0.0,
        0.0,
        0.0
    ],
    "transition_matrix": [
        [
            0.95,
            0.0,
            0.0
        ],
        [
            0.0,
            0.95,
            0.0
        ],
        [
            0.0,
            0.0,
            0.95
        ]
    ],
    "observation_matrix": [
        [
            0.9,
            0.0,
            0.0
        ],
        [
            0.0,
            0.9,
            0.0
        ],
        [
            0.0,
            0.0,
            0.9
        ]
    ],
    "process_noise_covariance": [
        [
            0.1,
            0.0,
            0.0
        ],
        [
            0.0,
            0.1,
            0.0
        ],
        [
            0.0,
            0.0,
            0.1
        ]
    ],
    "observation_noise_covariance": [
        [
            0.1,
            0.0,
            0.0
        ],
        [
            0.0,
            0.1,
            0.0
        ],
        [
            0.0,
            0.0,
            0.1
        ]
    ],
    "initial_covariance": [
        [
            1.0,
            0.0,
            0.0
        ],
        [
            0.0,
            1.0,
            0.0
        ],
        [
            0.0,
            0.0,
            1.0
        ]
    ],
    "residual_mean": 0.003086935985332778,
    "residual_std": 0.4019472554169632,
    "covariance_diff": 0.000561279136988196
}