{
    "initial_state_mean": [
        1.0,
        1.0,
        1.0
    ],
    "transition_matrix": [
        [
            0.95,
            0.0,
            0.0
        ],
        [
            0.0,
            0.95,
            0.0
        ],
        [
            0.0,
            0.0,
            0.95
        ]
    ],
    "observation_matrix": [
        [
            1.0,
            0.0,
            0.0
        ],
        [
            0.0,
            1.0,
            0.0
        ],
        [
            0.0,
            0.0,
            1.0
        ]
    ],
    "process_noise_covariance": [
        [
            0.1,
            0.0,
            0.0
        ],
        [
            0.0,
            0.1,
            0.0
        ],
        [
            0.0,
            0.0,
            0.1
        ]
    ],
    "observation_noise_covariance": [
        [
            0.5,
            0.0,
            0.0
        ],
        [
            0.0,
            0.5,
            0.0
        ],
        [
            0.0,
            0.0,
            0.5
        ]
    ],
    "initial_covariance": [
        [
            0.1,
            0.0,
            0.0
        ],
        [
            0.0,
            0.1,
            0.0
        ],
        [
            0.0,
            0.0,
            0.1
        ]
    ],
    "residual_mean": 0.6422171763829683,
    "residual_std": 12.184214865806677,
    "covariance_diff": 26242.28407881464
}