{
    "initial_state_mean": [
        1.0,
        1.0,
        1.0
    ],
    "transition_matrix": [
        [
            0.95,
            0.0,
            0.0
        ],
        [
            0.0,
            0.95,
            0.0
        ],
        [
            0.0,
            0.0,
            0.95
        ]
    ],
    "observation_matrix": [
        [
            1.0,
            0.0,
            0.0
        ],
        [
            0.0,
            1.0,
            0.0
        ],
        [
            0.0,
            0.0,
            1.0
        ]
    ],
    "process_noise_covariance": [
        [
            0.1,
            0.0,
            0.0
        ],
        [
            0.0,
            0.1,
            0.0
        ],
        [
            0.0,
            0.0,
            0.1
        ]
    ],
    "observation_noise_covariance": [
        [
            0.1,
            0.0,
            0.0
        ],
        [
            0.0,
            0.1,
            0.0
        ],
        [
            0.0,
            0.0,
            0.1
        ]
    ],
    "initial_covariance": [
        [
            1.0,
            0.0,
            0.0
        ],
        [
            0.0,
            1.0,
            0.0
        ],
        [
            0.0,
            0.0,
            1.0
        ]
    ],
    "residual_mean": 0.256460003895459,
    "residual_std": 29.577243878963152,
    "covariance_diff": 982.2383364202454
}