{
    "initial_state_mean": [
        0.0,
        0.0,
        0.0
    ],
    "transition_matrix": [
        [
            0.95,
            0.0,
            0.0
        ],
        [
            0.0,
            0.95,
            0.0
        ],
        [
            0.0,
            0.0,
            0.95
        ]
    ],
    "observation_matrix": [
        [
            1.0,
            0.0,
            0.0
        ],
        [
            0.0,
            1.0,
            0.0
        ],
        [
            0.0,
            0.0,
            1.0
        ]
    ],
    "process_noise_covariance": [
        [
            0.1,
            0.0,
            0.0
        ],
        [
            0.0,
            0.1,
            0.0
        ],
        [
            0.0,
            0.0,
            0.1
        ]
    ],
    "observation_noise_covariance": [
        [
            0.1,
            0.0,
            0.0
        ],
        [
            0.0,
            0.1,
            0.0
        ],
        [
            0.0,
            0.0,
            0.1
        ]
    ],
    "initial_covariance": [
        [
            1.0,
            0.0,
            0.0
        ],
        [
            0.0,
            1.0,
            0.0
        ],
        [
            0.0,
            0.0,
            1.0
        ]
    ],
    "avg_residual_mean": 5.877774721651887,
    "avg_residual_std": 24.644172403012995,
    "avg_covariance_diff": 66.1962562944084
}