,Parameter,Range,Selected,optimization
0,initial_state_mean,"[array([0., 0.]), array([1., 1.])]","[0.0, 0.0, 0.0]",[28.08869181  0.18085416 95.87984947]
1,transition_matrix,"[array([[1., 0.],
       [0., 1.]]), array([[0.95, 0.  ],
       [0.  , 0.95]])]","[[0.95, 0.0, 0.0], [0.0, 0.95, 0.0], [0.0, 0.0, 0.95]]","[[0.95 0.   0.  ]
 [0.   0.95 0.  ]
 [0.   0.   0.95]]"
2,observation_matrix,"[array([[1., 0.],
       [0., 1.]]), array([[0.9, 0. ],
       [0. , 0.9]])]","[[1.0, 0.0, 0.0], [0.0, 1.0, 0.0], [0.0, 0.0, 1.0]]","[[1. 0. 0.]
 [0. 1. 0.]
 [0. 0. 1.]]"
3,process_noise_covariance,"[array([[0.01, 0.  ],
       [0.  , 0.01]]), array([[0.1, 0. ],
       [0. , 0.1]])]","[[0.1, 0.0, 0.0], [0.0, 0.1, 0.0], [0.0, 0.0, 0.1]]","[[3.74956408e+01 2.83625370e-01 3.82551316e+02]
 [2.83625370e-01 9.41077203e-02 1.36611679e+01]
 [3.82551316e+02 1.36611679e+01 1.85568544e+04]]"
4,observation_noise_covariance,"[array([[0.1, 0. ],
       [0. , 0.1]]), array([[0.5, 0. ],
       [0. , 0.5]])]","[[0.1, 0.0, 0.0], [0.0, 0.1, 0.0], [0.0, 0.0, 0.1]]","[[ 4.24061272e+01  2.82366170e-01  7.99475714e+01]
 [ 2.82366170e-01  6.94721092e-02 -5.44427488e-01]
 [ 7.99475714e+01 -5.44427488e-01  2.21674861e+03]]"
5,initial_covariance,"[array([[0.1, 0. ],
       [0. , 0.1]]), array([[1., 0.],
       [0., 1.]])]","[[1.0, 0.0, 0.0], [0.0, 1.0, 0.0], [0.0, 0.0, 1.0]]","[[6.39391296e-04 1.38553096e-06 4.81089857e-04]
 [1.38553096e-06 9.37749328e-07 6.41049127e-06]
 [4.81089857e-04 6.41049127e-06 3.67536577e-02]]"
