,Threshold,AUC,Accuracy,Sensitivity,Specificity,PPV (Precision),Dataset
0,0.1,0.6690128962347639,0.6744167401587429,0.5766423357664233,0.6766128371177965,0.03850840848159883,Full Dataset
1,0.2,0.6690128962347639,0.8130361581014992,0.44525547445255476,0.8212968276088204,0.052997393570807995,Full Dataset
2,0.30000000000000004,0.6690128962347639,0.858574520965285,0.3248175182481752,0.8705631609148291,0.053357314148681056,Full Dataset
3,0.4,0.6690128962347639,0.8838290707929127,0.2956204379562044,0.897040741044348,0.0605833956619297,Full Dataset
4,0.5,0.6690128962347639,0.8997835324300489,0.26277372262773724,0.9140913189605705,0.06428571428571428,Full Dataset
5,0.1,0.6362260944743394,0.6423046145638837,0.5205479452054794,0.6447225244831338,0.028273809523809524,Test Dataset
6,0.2,0.6362260944743394,0.7788743664977328,0.3972602739726027,0.7864526659412405,0.03562653562653563,Test Dataset
7,0.30000000000000004,0.6362260944743394,0.8284875966924513,0.3013698630136986,0.8389553862894451,0.035830618892508145,Test Dataset
8,0.4,0.6362260944743394,0.8596959189117098,0.273972602739726,0.8713275299238302,0.04056795131845842,Test Dataset
9,0.5,0.6362260944743394,0.8751667111229662,0.2602739726027397,0.8873775843307944,0.04387990762124711,Test Dataset
