,Threshold,AUC,Accuracy,Sensitivity,Specificity,PPV (Precision),Dataset
0,0.1,0.7514092469048688,0.6965011286681716,0.680672268907563,0.6973998091603053,0.11324711639286962,Full Dataset
1,0.2,0.7514092469048688,0.8243792325056434,0.5819327731092437,0.8381440839694656,0.16952264381884946,Full Dataset
2,0.30000000000000004,0.7514092469048688,0.8670428893905192,0.5042016806722689,0.8876431297709924,0.20304568527918782,Full Dataset
3,0.4,0.7514092469048688,0.8893905191873589,0.46638655462184875,0.9134064885496184,0.23417721518987342,Full Dataset
4,0.5,0.7514092469048688,0.9012415349887133,0.4180672268907563,0.9286736641221374,0.24968632371392724,Full Dataset
5,0.1,0.7461454166475087,0.6921773510307823,0.6717948717948717,0.6933652121936641,0.1132238547968885,Test Dataset
6,0.2,0.7461454166475087,0.8220841570177916,0.5794871794871795,0.8362223550508069,0.17095310136157338,Test Dataset
7,0.30000000000000004,0.7461454166475087,0.8664219147133578,0.5051282051282051,0.8874775851763299,0.2073684210526316,Test Dataset
8,0.4,0.7461454166475087,0.8900028240609997,0.46923076923076923,0.9145248057381948,0.2423841059602649,Test Dataset
9,0.5,0.7461454166475087,0.9018638802598136,0.4205128205128205,0.9299163179916318,0.25908372827804105,Test Dataset
