{
    "initial_state_mean": [
        0.0,
        0.0
    ],
    "transition_matrix": [
        [
            0.95,
            0.0
        ],
        [
            0.0,
            0.95
        ]
    ],
    "observation_matrix": [
        [
            1.0,
            0.0
        ],
        [
            0.0,
            1.0
        ]
    ],
    "process_noise_covariance": [
        [
            0.1,
            0.0
        ],
        [
            0.0,
            0.1
        ]
    ],
    "observation_noise_covariance": [
        [
            0.1,
            0.0
        ],
        [
            0.0,
            0.1
        ]
    ],
    "initial_covariance": [
        [
            1.0,
            0.0
        ],
        [
            0.0,
            1.0
        ]
    ],
    "avg_residual_mean": 8.404203006102248,
    "avg_residual_std": 24.847990362240434,
    "avg_covariance_diff": 55.60412472479014
}